PDB ID,Chain,Res Name,Res ID,Pre pKa,Cal pKa,Expt pKa,model pKa,Pre pKa shift,Cal pKa shift,Expt pKa shift,|Pre pKa shift|,|Cal pKa shift|,|Expt pKa shift|,Pre - Expt pKa,Cal - Expt pKa,Pre - Cal pKa,|Pre - Expt pKa|,|Cal - Expt pKa|,|Pre - Cal pKa|
1BNI,B,HIS,102,6.4012813568115225,6.885498361483272,6.3,6.34,0.06128135681152357,0.545498361483272,-0.040000000000000036,0.06128135681152357,0.545498361483272,0.040000000000000036,0.10128135681152273,0.5854983614832721,-0.48421700467174933,0.10128135681152273,0.5854983614832721,0.48421700467174933
1DWR,A,HIS,113,5.20598030090332,6.2212739083582935,5.87,6.34,-1.1340196990966795,-0.11872609164170632,-0.4699999999999998,1.1340196990966795,0.11872609164170632,0.4699999999999998,-0.6640196990966798,0.3512739083582934,-1.0152936074549732,0.6640196990966798,0.3512739083582934,1.0152936074549732
1DE3,A,HIS,36,7.19134521484375,7.003786974652817,6.8,6.34,0.8513452148437501,0.6637869746528171,0.46,0.8513452148437501,0.6637869746528171,0.46,0.3913452148437502,0.20378697465281714,0.18755824019093303,0.3913452148437502,0.20378697465281714,0.18755824019093303
6GST,A,HIS,84,6.658301830291747,7.130323902497814,7.08,6.34,0.3183018302917482,0.7903239024978141,0.7400000000000002,0.3183018302917482,0.7903239024978141,0.7400000000000002,-0.4216981697082529,0.05032390249781393,-0.47202207220606685,0.4216981697082529,0.05032390249781393,0.47202207220606685
1BVI,B,HIS,92,6.875563621520996,7.437109166662017,7.31,6.34,0.5355636215209962,1.0971091666620172,0.9699999999999998,0.5355636215209962,1.0971091666620172,0.9699999999999998,-0.4344363784790035,0.12710916666201744,-0.561545545141021,0.4344363784790035,0.12710916666201744,0.561545545141021
1A6K,A,HIS,113,5.795158386230469,6.135810492570418,5.44,6.34,-0.5448416137695311,-0.20418950742958145,-0.8999999999999995,0.5448416137695311,0.20418950742958145,0.8999999999999995,0.35515838623046836,0.695810492570418,-0.3406521063399497,0.35515838623046836,0.695810492570418,0.3406521063399497
4HHB,A,HIS,89,6.494179725646973,6.3514247409942195,7.2,6.34,0.1541797256469728,0.01142474099421964,0.8600000000000003,0.1541797256469728,0.01142474099421964,0.8600000000000003,-0.7058202743530275,-0.8485752590057807,0.14275498465275316,0.7058202743530275,0.8485752590057807,0.14275498465275316
1FKS,A,HIS,94,6.247557163238525,7.052013758375425,5.84,6.34,-0.09244283676147448,0.7120137583754254,-0.5,0.09244283676147448,0.7120137583754254,0.5,0.40755716323852553,1.2120137583754254,-0.8044565951368998,0.40755716323852553,1.2120137583754254,0.8044565951368998
4MBN,A,HIS,116,6.180449962615968,5.876704974189433,6.66,6.34,-0.15955003738403306,-0.4632950258105666,0.3200000000000003,0.15955003738403306,0.4632950258105666,0.3200000000000003,-0.47955003738403246,-0.7832950258105669,0.3037449884265344,0.47955003738403246,0.7832950258105669,0.3037449884265344
1DE3,A,HIS,50,6.360692024230957,7.582296683754665,7.7,6.34,0.020692024230957173,1.2422966837546652,1.3600000000000003,0.020692024230957173,1.2422966837546652,1.3600000000000003,-1.3393079757690431,-0.11770331624533537,-1.2216046595237078,1.3393079757690431,0.11770331624533537,1.2216046595237078
4HHB,A,HIS,50,6.404102802276611,6.39808597248037,7.2,6.34,0.06410280227661147,0.058085972480370174,0.8600000000000003,0.06410280227661147,0.058085972480370174,0.8600000000000003,-0.7958971977233888,-0.8019140275196301,0.0060168297962412964,0.7958971977233888,0.8019140275196301,0.0060168297962412964
1DWR,A,HIS,119,5.762513160705566,6.784473944493552,6.56,6.34,-0.5774868392944335,0.44447394449355215,0.21999999999999972,0.5774868392944335,0.44447394449355215,0.21999999999999972,-0.7974868392944332,0.2244739444935524,-1.0219607837879856,0.7974868392944332,0.2244739444935524,1.0219607837879856
1YGW,A,HIS,92,6.285602569580077,7.0243989142740055,7.31,6.34,-0.05439743041992173,0.6843989142740057,0.9699999999999998,0.05439743041992173,0.6843989142740057,0.9699999999999998,-1.0243974304199224,-0.2856010857259941,-0.7387963446939283,1.0243974304199224,0.2856010857259941,0.7387963446939283
1A6K,A,HIS,116,6.281546592712402,5.85659443560221,6.49,6.34,-0.05845340728759753,-0.4834055643977901,0.15000000000000036,0.05845340728759753,0.4834055643977901,0.15000000000000036,-0.20845340728759787,-0.6334055643977905,0.42495215711019263,0.20845340728759787,0.6334055643977905,0.42495215711019263
1YGW,A,HIS,40,6.585143089294434,7.48862191855934,7.44,6.34,0.2451430892944337,1.14862191855934,1.1000000000000003,0.2451430892944337,1.14862191855934,1.1000000000000003,-0.8548569107055668,0.048621918559339505,-0.9034788292649063,0.8548569107055668,0.048621918559339505,0.9034788292649063
1DE3,A,HIS,82,7.8796586990356445,6.167764712592084,7.3,6.34,1.539658699035645,-0.17223528740791585,0.96,1.539658699035645,0.17223528740791585,0.96,0.5796586990356447,-1.1322352874079158,1.7118939864435605,0.5796586990356447,1.1322352874079158,1.7118939864435605
2CPL,A,HIS,70,6.5017762184143075,6.492959630075838,5.84,6.34,0.16177621841430678,0.1529596300758378,-0.5,0.16177621841430678,0.1529596300758378,0.5,0.6617762184143077,0.6529596300758378,0.008816588338469877,0.6617762184143077,0.6529596300758378,0.008816588338469877
1YPH,C,HIS,57,6.870719909667969,5.945347753223968,6.14,6.34,0.5307199096679689,-0.3946522467760323,-0.20000000000000015,0.5307199096679689,0.3946522467760323,0.20000000000000015,0.7307199096679691,-0.1946522467760321,0.9253721564440012,0.7307199096679691,0.1946522467760321,0.9253721564440012
1DG9,A,HIS,72,5.36789608001709,6.695494698327893,9.19,6.34,-0.97210391998291,0.3554946983278944,2.85,0.97210391998291,0.3554946983278944,2.85,-3.8221039199829097,-2.494505301672106,-1.3275986183108035,3.8221039199829097,2.494505301672106,1.3275986183108035
1A6K,A,HIS,119,5.1888957023620605,6.788591923535563,6.13,6.34,-1.1511042976379393,0.4485919235355631,-0.21,1.1511042976379393,0.4485919235355631,0.21,-0.9411042976379393,0.6585919235355631,-1.5996962211735024,0.9411042976379393,0.6585919235355631,1.5996962211735024
1A6K,A,HIS,36,7.4481611251831055,7.944717158614715,8.06,6.34,1.1081611251831056,1.604717158614715,1.7200000000000006,1.1081611251831056,1.604717158614715,1.7200000000000006,-0.611838874816895,-0.11528284138528555,-0.4965560334316095,0.611838874816895,0.11528284138528555,0.4965560334316095
1DE3,A,HIS,92,6.695822715759277,7.045360642150881,6.9,6.34,0.3558227157592775,0.7053606421508816,0.5600000000000005,0.3558227157592775,0.7053606421508816,0.5600000000000005,-0.204177284240723,0.14536064215088107,-0.3495379263916041,0.204177284240723,0.14536064215088107,0.3495379263916041
1DE3,A,HIS,104,6.456724166870117,6.250693690794869,6.6,6.34,0.11672416687011733,-0.0893063092051305,0.2599999999999998,0.11672416687011733,0.0893063092051305,0.2599999999999998,-0.14327583312988246,-0.3493063092051303,0.20603047607524783,0.14327583312988246,0.3493063092051303,0.20603047607524783
1STG,A,HIS,46,6.209931373596191,4.691990975004028,5.8,6.34,-0.13006862640380845,-1.6480090249959716,-0.54,0.13006862640380845,1.6480090249959716,0.54,0.4099313735961916,-1.1080090249959715,1.5179403985921631,0.4099313735961916,1.1080090249959715,1.5179403985921631
4LZT,A,HIS,15,6.527218818664551,6.5077369897412805,5.36,6.34,0.18721881866455087,0.1677369897412806,-0.9799999999999996,0.18721881866455087,0.1677369897412806,0.9799999999999996,1.1672188186645505,1.1477369897412801,0.019481828923270328,1.1672188186645505,1.1477369897412801,0.019481828923270328
1A6K,A,HIS,97,5.117090225219727,4.236466577979273,5.63,6.34,-1.2229097747802733,-2.1035334220207265,-0.71,1.2229097747802733,2.1035334220207265,0.71,-0.5129097747802733,-1.3935334220207265,0.8806236472404532,0.5129097747802733,1.3935334220207265,0.8806236472404532
1H4G,B,HIS,60,5.909261703491211,4.081237269671108,4.01,6.34,-0.4307382965087889,-2.2587627303288915,-2.33,0.4307382965087889,2.2587627303288915,2.33,1.8992617034912112,0.07123726967110855,1.8280244338201026,1.8992617034912112,0.07123726967110855,1.8280244338201026
1KF3,A,HIS,12,5.602034568786621,7.111743845572515,6.0,6.34,-0.7379654312133788,0.771743845572515,-0.33999999999999986,0.7379654312133788,0.771743845572515,0.33999999999999986,-0.3979654312133789,1.1117438455725148,-1.5097092767858937,0.3979654312133789,1.1117438455725148,1.5097092767858937
1DE3,A,HIS,35,7.686881065368652,6.468527482288987,6.3,6.34,1.3468810653686525,0.12852748228898747,-0.040000000000000036,1.3468810653686525,0.12852748228898747,0.040000000000000036,1.3868810653686525,0.1685274822889875,1.218353583079665,1.3868810653686525,0.1685274822889875,1.218353583079665
1LNI,A,HIS,53,7.089996337890625,8.854238331157928,8.27,6.34,0.7499963378906251,2.5142383311579284,1.93,0.7499963378906251,2.5142383311579284,1.93,-1.1800036621093746,0.5842383311579287,-1.7642419932673032,1.1800036621093746,0.5842383311579287,1.7642419932673032
6GST,A,HIS,167,7.757245063781737,6.5308048723796395,7.77,6.34,1.4172450637817384,0.1908048723796396,1.4299999999999995,1.4172450637817384,0.1908048723796396,1.4299999999999995,-0.01275493621826218,-1.23919512762036,1.226440191402098,0.01275493621826218,1.23919512762036,1.226440191402098
1B2X,A,HIS,102,6.5828590393066415,6.836349242069797,6.3,6.34,0.2428590393066408,0.4963492420697975,-0.040000000000000036,0.2428590393066408,0.4963492420697975,0.040000000000000036,0.2828590393066417,0.5363492420697975,-0.2534902027631558,0.2828590393066417,0.5363492420697975,0.2534902027631558
1STG,A,HIS,124,5.914547920227051,5.654136264986055,5.99,6.34,-0.4254520797729491,-0.6858637350139452,-0.34999999999999964,0.4254520797729491,0.6858637350139452,0.34999999999999964,-0.07545207977294943,-0.3358637350139455,0.2604116552409961,0.07545207977294943,0.3358637350139455,0.2604116552409961
1DUK,A,HIS,81,6.920614242553711,6.599948355624659,6.58,6.34,0.5806142425537111,0.2599483556246591,0.2400000000000002,0.5806142425537111,0.2599483556246591,0.2400000000000002,0.34061424255371087,0.01994835562465891,0.32066588692905196,0.34061424255371087,0.01994835562465891,0.32066588692905196
1BNI,B,HIS,18,7.082469940185548,8.011892697248953,7.75,6.34,0.742469940185547,1.6718926972489534,1.41,0.742469940185547,1.6718926972489534,1.41,-0.6675300598144522,0.26189269724895325,-0.9294227570634055,0.6675300598144522,0.26189269724895325,0.9294227570634055
4MBN,A,HIS,36,7.186450958251952,7.7388538537864004,7.83,6.34,0.8464509582519533,1.3988538537864006,1.4900000000000002,0.8464509582519533,1.3988538537864006,1.4900000000000002,-0.6435490417480478,-0.09114614621359962,-0.5524028955344482,0.6435490417480478,0.09114614621359962,0.5524028955344482
1DE3,A,HIS,150,6.325559616088867,6.0956377648908,7.6,6.34,-0.014440383911132669,-0.2443622351092003,1.2599999999999998,0.014440383911132669,0.2443622351092003,1.2599999999999998,-1.2744403839111325,-1.5043622351092,0.22992185119806763,1.2744403839111325,1.5043622351092,0.22992185119806763
1DWR,A,HIS,36,7.379752159118652,8.12488608368869,7.8,6.34,1.0397521591186525,1.7848860836886902,1.46,1.0397521591186525,1.7848860836886902,1.46,-0.4202478408813475,0.32488608368869,-0.7451339245700375,0.4202478408813475,0.32488608368869,0.7451339245700375
1A6K,A,HIS,81,6.333414077758789,6.8483740707189975,6.68,6.34,-0.006585922241210795,0.5083740707189977,0.33999999999999986,0.006585922241210795,0.5083740707189977,0.33999999999999986,-0.34658592224121065,0.1683740707189978,-0.5149599929602084,0.34658592224121065,0.1683740707189978,0.5149599929602084
1A6K,A,HIS,48,6.0833168029785165,4.935213231539102,5.25,6.34,-0.25668319702148423,-1.404786768460898,-1.09,0.25668319702148423,1.404786768460898,1.09,0.8333168029785165,-0.31478676846089826,1.1481035714394148,0.8333168029785165,0.31478676846089826,1.1481035714394148
1YGW,A,HIS,27,7.885586738586426,6.7860854361819625,7.57,6.34,1.5455867385864261,0.4460854361819626,1.2300000000000004,1.5455867385864261,0.4460854361819626,1.2300000000000004,0.3155867385864255,-0.7839145638180378,1.0995013024044633,0.3155867385864255,0.7839145638180378,1.0995013024044633
1FKS,A,HIS,87,5.467507362365723,6.397138145366433,6.51,6.34,-0.8724926376342772,0.0571381453664328,0.16999999999999993,0.8724926376342772,0.0571381453664328,0.16999999999999993,-1.0424926376342771,-0.11286185463356713,-0.92963078300071,1.0424926376342771,0.11286185463356713,0.92963078300071
1DWR,A,HIS,48,6.077366828918457,5.592350911960366,5.62,6.34,-0.2626331710815428,-0.7476490880396343,-0.7199999999999998,0.2626331710815428,0.7476490880396343,0.7199999999999998,0.4573668289184569,-0.027649088039634506,0.48501591695809143,0.4573668289184569,0.027649088039634506,0.48501591695809143
1STN,A,HIS,121,5.641535758972168,6.156088088599317,5.3,6.34,-0.6984642410278319,-0.18391191140068308,-1.04,0.6984642410278319,0.18391191140068308,1.04,0.34153575897216815,0.856088088599317,-0.5145523296271488,0.34153575897216815,0.856088088599317,0.5145523296271488
1QH7,A,HIS,60,4.888009071350098,4.100758671409394,4.01,6.34,-1.4519909286499022,-2.2392413285906057,-2.33,1.4519909286499022,2.2392413285906057,2.33,0.8780090713500979,0.09075867140939398,0.7872503999407039,0.8780090713500979,0.09075867140939398,0.7872503999407039
3SRN,A,HIS,105,5.6901679039001465,6.393897964097137,6.82,6.34,-0.6498320960998534,0.05389796409713732,0.4800000000000004,0.6498320960998534,0.05389796409713732,0.4800000000000004,-1.1298320960998538,-0.4261020359028631,-0.7037300601969907,1.1298320960998538,0.4261020359028631,0.7037300601969907
4MBN,A,HIS,119,5.30211067199707,6.702863669296242,6.38,6.34,-1.0378893280029295,0.3628636692962424,0.040000000000000036,1.0378893280029295,0.3628636692962424,0.040000000000000036,-1.0778893280029296,0.32286366929624233,-1.400752997299172,1.0778893280029296,0.32286366929624233,1.400752997299172
1DWR,A,HIS,81,6.0817155838012695,6.959525802416503,6.94,6.34,-0.2582844161987303,0.6195258024165033,0.6000000000000005,0.2582844161987303,0.6195258024165033,0.6000000000000005,-0.8582844161987309,0.019525802416502813,-0.8778102186152337,0.8582844161987309,0.019525802416502813,0.8778102186152337
3RN3,A,HIS,48,5.90560245513916,8.056549337638675,6.0,6.34,-0.4343975448608397,1.716549337638675,-0.33999999999999986,0.4343975448608397,1.716549337638675,0.33999999999999986,-0.09439754486083984,2.0565493376386748,-2.1509468824995146,0.09439754486083984,2.0565493376386748,2.1509468824995146
1H4G,B,HIS,11,6.927309036254883,5.13564416016636,6.52,6.34,0.587309036254883,-1.2043558398336396,0.17999999999999972,0.587309036254883,1.2043558398336396,0.17999999999999972,0.40730903625488324,-1.3843558398336393,1.7916648760885225,0.40730903625488324,1.3843558398336393,1.7916648760885225
2ZTA,A,HIS,18,6.6289100646972665,6.373389736253157,6.24,6.34,0.28891006469726577,0.033389736253156777,-0.09999999999999963,0.28891006469726577,0.033389736253156777,0.09999999999999963,0.3889100646972663,0.13338973625315642,0.2555203284441099,0.3889100646972663,0.13338973625315642,0.2555203284441099
1BVI,B,HIS,40,6.7324256896972665,7.692651945927485,7.44,6.34,0.39242568969726577,1.3526519459274855,1.1000000000000003,0.39242568969726577,1.3526519459274855,1.1000000000000003,-0.7075743103027339,0.25265194592748497,-0.9602262562302188,0.7075743103027339,0.25265194592748497,0.9602262562302188
3SRN,A,HIS,12,7.006075859069824,7.036465663145537,6.03,6.34,0.6660758590698244,0.6964656631455375,-0.3099999999999996,0.6660758590698244,0.6964656631455375,0.3099999999999996,0.976075859069824,1.006465663145537,-0.030389804075713123,0.976075859069824,1.006465663145537,0.030389804075713123
1H4G,B,HIS,32,6.656352996826173,6.442796864836304,6.68,6.34,0.31635299682617196,0.10279686483630446,0.33999999999999986,0.31635299682617196,0.10279686483630446,0.33999999999999986,-0.023647003173826953,-0.2372031351636954,0.21355613198986845,0.023647003173826953,0.2372031351636954,0.21355613198986845
3SSI,A,HIS,106,5.863950729370117,6.754076772842063,6.0,6.34,-0.4760492706298826,0.4140767728420621,-0.33999999999999986,0.4760492706298826,0.4140767728420621,0.33999999999999986,-0.1360492706298828,0.7540767728420628,-0.8901260434719456,0.1360492706298828,0.7540767728420628,0.8901260434719456
1STG,A,HIS,8,6.205010414123535,6.4332936824450195,6.82,6.34,-0.1349895858764647,0.09329368244501968,0.4800000000000004,0.1349895858764647,0.09329368244501968,0.4800000000000004,-0.6149895858764651,-0.38670631755498075,-0.22828326832148438,0.6149895858764651,0.38670631755498075,0.22828326832148438
1B2X,A,HIS,18,7.6281585693359375,7.973036137463808,7.75,6.34,1.2881585693359376,1.633036137463808,1.41,1.2881585693359376,1.633036137463808,1.41,-0.1218414306640625,0.2230361374638079,-0.3448775681278704,0.1218414306640625,0.2230361374638079,0.3448775681278704
4MBN,A,HIS,113,5.638070106506348,6.015342411743697,5.51,6.34,-0.7019298934936522,-0.3246575882563025,-0.8300000000000001,0.7019298934936522,0.3246575882563025,0.8300000000000001,0.12807010650634787,0.5053424117436975,-0.37727230523734967,0.12807010650634787,0.5053424117436975,0.37727230523734967
2CPL,A,HIS,126,5.745854377746582,6.951639056466478,6.34,6.34,-0.5941456222534178,0.611639056466478,0.0,0.5941456222534178,0.611639056466478,0.0,-0.5941456222534178,0.611639056466478,-1.2057846787198958,0.5941456222534178,0.611639056466478,1.2057846787198958
1A6K,A,HIS,24,5.182984828948975,4.57001771224425,6.2,6.34,-1.1570151710510252,-1.7699822877557496,-0.13999999999999968,1.1570151710510252,1.7699822877557496,0.13999999999999968,-1.0170151710510256,-1.62998228775575,0.6129671167047244,1.0170151710510256,1.62998228775575,0.6129671167047244
4HHB,A,HIS,72,7.2412376403808585,7.7597904555045965,7.3,6.34,0.9012376403808596,1.4197904555045966,0.96,0.9012376403808596,1.4197904555045966,0.96,-0.058762359619141336,0.45979045550459663,-0.518552815123738,0.058762359619141336,0.45979045550459663,0.518552815123738
4HHB,A,HIS,20,7.325190544128418,6.890832635552258,7.6,6.34,0.985190544128418,0.5508326355522577,1.2599999999999998,0.985190544128418,0.5508326355522577,1.2599999999999998,-0.2748094558715817,-0.7091673644477421,0.4343579085761604,0.2748094558715817,0.7091673644477421,0.4343579085761604
1DG9,A,HIS,66,7.328980445861816,8.213476810160065,8.29,6.34,0.9889804458618164,1.8734768101600647,1.9499999999999995,0.9889804458618164,1.8734768101600647,1.9499999999999995,-0.9610195541381827,-0.07652318983993389,-0.8844963642982488,0.9610195541381827,0.07652318983993389,0.8844963642982488
1KF3,A,HIS,105,4.550819873809815,6.57568844363712,6.5,6.34,-1.7891801261901854,0.2356884436371205,0.16000000000000014,1.7891801261901854,0.2356884436371205,0.16000000000000014,-1.9491801261901847,0.07568844363712035,-2.024868569827305,1.9491801261901847,0.07568844363712035,2.024868569827305
3SRN,B,HIS,119,6.030301570892334,5.982429196489602,6.33,6.34,-0.3096984291076659,-0.3575708035103977,-0.009999999999999787,0.3096984291076659,0.3575708035103977,0.009999999999999787,-0.2996984291076661,-0.34757080351039793,0.04787237440273184,0.2996984291076661,0.34757080351039793,0.04787237440273184
1BVI,B,HIS,27,7.3096561431884775,6.944237928158167,7.57,6.34,0.9696561431884768,0.6042379281581676,1.2300000000000004,0.9696561431884768,0.6042379281581676,1.2300000000000004,-0.26034385681152283,-0.6257620718418329,0.36541821503031,0.26034385681152283,0.6257620718418329,0.36541821503031
1DE3,A,HIS,137,6.338149070739746,5.738570265375812,5.8,6.34,-0.0018509292602537641,-0.6014297346241877,-0.54,0.0018509292602537641,0.6014297346241877,0.54,0.5381490707397463,-0.06142973462418766,0.5995788053639339,0.5381490707397463,0.06142973462418766,0.5995788053639339
1QH7,A,HIS,32,6.52777910232544,6.512321199558812,6.68,6.34,0.1877791023254396,0.1723211995588123,0.33999999999999986,0.1877791023254396,0.1723211995588123,0.33999999999999986,-0.15222089767455937,-0.16767880044118755,0.015457902766628173,0.15222089767455937,0.16767880044118755,0.015457902766628173
4HHB,A,HIS,112,7.564302444458008,7.264272960836389,8.1,6.34,1.2243024444580082,0.9242729608363892,1.7599999999999998,1.2243024444580082,0.9242729608363892,1.7599999999999998,-0.5356975555419918,-0.8357270391636105,0.30002948362161863,0.5356975555419918,0.8357270391636105,0.30002948362161863
1DWR,A,HIS,116,6.5652709007263175,5.917049459700492,6.79,6.34,0.2252709007263185,-0.4229505402995075,0.4500000000000002,0.2252709007263185,0.4229505402995075,0.4500000000000002,-0.22472909927368256,-0.8729505402995077,0.6482214410258251,0.22472909927368256,0.8729505402995077,0.6482214410258251
1A6K,A,HIS,12,6.559499740600586,6.637302778105685,6.29,6.34,0.21949974060058608,0.2973027781056849,-0.049999999999999815,0.21949974060058608,0.2973027781056849,0.049999999999999815,0.2694997406005859,0.3473027781056848,-0.07780303750509887,0.2694997406005859,0.3473027781056848,0.07780303750509887
1EPH,A,HIS,22,6.639998435974121,6.954127160609683,6.8,6.34,0.29999843597412124,0.6141271606096819,0.46,0.29999843597412124,0.6141271606096819,0.46,-0.16000156402587873,0.1541271606096828,-0.3141287246355615,0.16000156402587873,0.1541271606096828,0.3141287246355615
1QH7,A,HIS,11,5.24295711517334,5.2720870379253935,6.52,6.34,-1.09704288482666,-1.0679129620746064,0.17999999999999972,1.09704288482666,1.0679129620746064,0.17999999999999972,-1.2770428848266597,-1.2479129620746061,-0.029129922752053616,1.2770428848266597,1.2479129620746061,0.029129922752053616
6GST,A,HIS,83,7.020495414733888,6.7153877361494025,5.18,6.34,0.6804954147338869,0.3753877361494027,-1.16,0.6804954147338869,0.3753877361494027,1.16,1.840495414733888,1.5353877361494028,0.30510767858448506,1.840495414733888,1.5353877361494028,0.30510767858448506
1LZ1,A,HIS,78,6.490363121032715,7.22912562629896,7.12,6.34,0.150363121032715,0.8891256262989602,0.7800000000000002,0.150363121032715,0.8891256262989602,0.7800000000000002,-0.6296368789672853,0.10912562629895994,-0.7387625052662452,0.6296368789672853,0.10912562629895994,0.7387625052662452
