PDB ID,Chain,Res Name,Res ID,Pre pKa,Cal pKa,Expt pKa,model pKa,Pre pKa shift,Cal pKa shift,Expt pKa shift,|Pre pKa shift|,|Cal pKa shift|,|Expt pKa shift|,Pre - Expt pKa,Cal - Expt pKa,Pre - Cal pKa,|Pre - Expt pKa|,|Cal - Expt pKa|,|Pre - Cal pKa|
1DG9,A,HIS,72,5.36789608001709,6.695494698327893,9.19,6.34,-0.97210391998291,0.3554946983278944,2.85,0.97210391998291,0.3554946983278944,2.85,-3.8221039199829097,-2.494505301672106,-1.3275986183108035,3.8221039199829097,2.494505301672106,1.3275986183108035
1H4G,B,HIS,60,5.909261703491211,4.081237269671108,4.01,6.34,-0.4307382965087889,-2.2587627303288915,-2.33,0.4307382965087889,2.2587627303288915,2.33,1.8992617034912112,0.07123726967110855,1.8280244338201026,1.8992617034912112,0.07123726967110855,1.8280244338201026
1QH7,A,HIS,60,4.888009071350098,4.100758671409394,4.01,6.34,-1.4519909286499022,-2.2392413285906057,-2.33,1.4519909286499022,2.2392413285906057,2.33,0.8780090713500979,0.09075867140939398,0.7872503999407039,0.8780090713500979,0.09075867140939398,0.7872503999407039
1A6K,A,HIS,36,7.4481611251831055,7.944717158614715,8.06,6.34,1.1081611251831056,1.604717158614715,1.7200000000000006,1.1081611251831056,1.604717158614715,1.7200000000000006,-0.611838874816895,-0.11528284138528555,-0.4965560334316095,0.611838874816895,0.11528284138528555,0.4965560334316095
1LNI,A,HIS,53,7.089996337890625,8.854238331157928,8.27,6.34,0.7499963378906251,2.5142383311579284,1.93,0.7499963378906251,2.5142383311579284,1.93,-1.1800036621093746,0.5842383311579287,-1.7642419932673032,1.1800036621093746,0.5842383311579287,1.7642419932673032
1DG9,A,HIS,66,7.328980445861816,8.213476810160065,8.29,6.34,0.9889804458618164,1.8734768101600647,1.9499999999999995,0.9889804458618164,1.8734768101600647,1.9499999999999995,-0.9610195541381827,-0.07652318983993389,-0.8844963642982488,0.9610195541381827,0.07652318983993389,0.8844963642982488
4HHB,A,HIS,112,7.564302444458008,7.264272960836389,8.1,6.34,1.2243024444580082,0.9242729608363892,1.7599999999999998,1.2243024444580082,0.9242729608363892,1.7599999999999998,-0.5356975555419918,-0.8357270391636105,0.30002948362161863,0.5356975555419918,0.8357270391636105,0.30002948362161863
1A6K,A,HIS,48,6.0833168029785165,4.935213231539102,5.25,6.34,-0.25668319702148423,-1.404786768460898,-1.09,0.25668319702148423,1.404786768460898,1.09,0.8333168029785165,-0.31478676846089826,1.1481035714394148,0.8333168029785165,0.31478676846089826,1.1481035714394148
4MBN,A,HIS,36,7.186450958251952,7.7388538537864004,7.83,6.34,0.8464509582519533,1.3988538537864006,1.4900000000000002,0.8464509582519533,1.3988538537864006,1.4900000000000002,-0.6435490417480478,-0.09114614621359962,-0.5524028955344482,0.6435490417480478,0.09114614621359962,0.5524028955344482
1DE3,A,HIS,150,6.325559616088867,6.0956377648908,7.6,6.34,-0.014440383911132669,-0.2443622351092003,1.2599999999999998,0.014440383911132669,0.2443622351092003,1.2599999999999998,-1.2744403839111325,-1.5043622351092,0.22992185119806763,1.2744403839111325,1.5043622351092,0.22992185119806763
4HHB,A,HIS,20,7.325190544128418,6.890832635552258,7.6,6.34,0.985190544128418,0.5508326355522577,1.2599999999999998,0.985190544128418,0.5508326355522577,1.2599999999999998,-0.2748094558715817,-0.7091673644477421,0.4343579085761604,0.2748094558715817,0.7091673644477421,0.4343579085761604
1B2X,A,HIS,18,7.6281585693359375,7.973036137463808,7.75,6.34,1.2881585693359376,1.633036137463808,1.41,1.2881585693359376,1.633036137463808,1.41,-0.1218414306640625,0.2230361374638079,-0.3448775681278704,0.1218414306640625,0.2230361374638079,0.3448775681278704
1DWR,A,HIS,36,7.379752159118652,8.12488608368869,7.8,6.34,1.0397521591186525,1.7848860836886902,1.46,1.0397521591186525,1.7848860836886902,1.46,-0.4202478408813475,0.32488608368869,-0.7451339245700375,0.4202478408813475,0.32488608368869,0.7451339245700375
1STN,A,HIS,121,5.641535758972168,6.156088088599317,5.3,6.34,-0.6984642410278319,-0.18391191140068308,-1.04,0.6984642410278319,0.18391191140068308,1.04,0.34153575897216815,0.856088088599317,-0.5145523296271488,0.34153575897216815,0.856088088599317,0.5145523296271488
6GST,A,HIS,83,7.02049446105957,6.7153877361494025,5.18,6.34,0.6804944610595705,0.3753877361494027,-1.16,0.6804944610595705,0.3753877361494027,1.16,1.8404944610595706,1.5353877361494028,0.30510672491016777,1.8404944610595706,1.5353877361494028,0.30510672491016777
1BNI,B,HIS,18,7.082469940185548,8.011892697248953,7.75,6.34,0.742469940185547,1.6718926972489534,1.41,0.742469940185547,1.6718926972489534,1.41,-0.6675300598144522,0.26189269724895325,-0.9294227570634055,0.6675300598144522,0.26189269724895325,0.9294227570634055
1YGW,A,HIS,27,7.885586738586426,6.7860854361819625,7.57,6.34,1.5455867385864261,0.4460854361819626,1.2300000000000004,1.5455867385864261,0.4460854361819626,1.2300000000000004,0.3155867385864255,-0.7839145638180378,1.0995013024044633,0.3155867385864255,0.7839145638180378,1.0995013024044633
1BVI,B,HIS,40,6.7324256896972665,7.692651945927485,7.44,6.34,0.39242568969726577,1.3526519459274855,1.1000000000000003,0.39242568969726577,1.3526519459274855,1.1000000000000003,-0.7075743103027339,0.25265194592748497,-0.9602262562302188,0.7075743103027339,0.25265194592748497,0.9602262562302188
6GST,A,HIS,167,7.757245063781737,6.5308048723796395,7.77,6.34,1.4172450637817384,0.1908048723796396,1.4299999999999995,1.4172450637817384,0.1908048723796396,1.4299999999999995,-0.01275493621826218,-1.23919512762036,1.226440191402098,0.01275493621826218,1.23919512762036,1.226440191402098
1DE3,A,HIS,50,6.360692024230957,7.582296683754665,7.7,6.34,0.020692024230957173,1.2422966837546652,1.3600000000000003,0.020692024230957173,1.2422966837546652,1.3600000000000003,-1.3393079757690431,-0.11770331624533537,-1.2216046595237078,1.3393079757690431,0.11770331624533537,1.2216046595237078
1YGW,A,HIS,40,6.585143089294434,7.48862191855934,7.44,6.34,0.2451430892944337,1.14862191855934,1.1000000000000003,0.2451430892944337,1.14862191855934,1.1000000000000003,-0.8548569107055668,0.048621918559339505,-0.9034788292649063,0.8548569107055668,0.048621918559339505,0.9034788292649063
1BVI,B,HIS,27,7.3096561431884775,6.944237928158167,7.57,6.34,0.9696561431884768,0.6042379281581676,1.2300000000000004,0.9696561431884768,0.6042379281581676,1.2300000000000004,-0.26034385681152283,-0.6257620718418329,0.36541821503031,0.26034385681152283,0.6257620718418329,0.36541821503031
1A6K,A,HIS,97,5.117090225219727,4.236466577979273,5.63,6.34,-1.2229097747802733,-2.1035334220207265,-0.71,1.2229097747802733,2.1035334220207265,0.71,-0.5129097747802733,-1.3935334220207265,0.8806236472404532,0.5129097747802733,1.3935334220207265,0.8806236472404532
4HHB,A,HIS,72,7.2412376403808585,7.7597904555045965,7.3,6.34,0.9012376403808596,1.4197904555045966,0.96,0.9012376403808596,1.4197904555045966,0.96,-0.058762359619141336,0.45979045550459663,-0.518552815123738,0.058762359619141336,0.45979045550459663,0.518552815123738
4HHB,A,HIS,89,6.494179725646973,6.3514247409942195,7.2,6.34,0.1541797256469728,0.01142474099421964,0.8600000000000003,0.1541797256469728,0.01142474099421964,0.8600000000000003,-0.7058202743530275,-0.8485752590057807,0.14275498465275316,0.7058202743530275,0.8485752590057807,0.14275498465275316
1DE3,A,HIS,35,7.686881065368652,6.468527482288987,6.3,6.34,1.3468810653686525,0.12852748228898747,-0.040000000000000036,1.3468810653686525,0.12852748228898747,0.040000000000000036,1.3868810653686525,0.1685274822889875,1.218353583079665,1.3868810653686525,0.1685274822889875,1.218353583079665
1A6K,A,HIS,12,6.559499740600586,6.637302778105685,6.29,6.34,0.21949974060058608,0.2973027781056849,-0.049999999999999815,0.21949974060058608,0.2973027781056849,0.049999999999999815,0.2694997406005859,0.3473027781056848,-0.07780303750509887,0.2694997406005859,0.3473027781056848,0.07780303750509887
1DE3,A,HIS,36,7.19134521484375,7.003786974652817,6.8,6.34,0.8513452148437501,0.6637869746528171,0.46,0.8513452148437501,0.6637869746528171,0.46,0.3913452148437502,0.20378697465281714,0.18755824019093303,0.3913452148437502,0.20378697465281714,0.18755824019093303
3SRN,A,HIS,105,5.690167427062987,6.393897964097137,6.82,6.34,-0.6498325729370116,0.05389796409713732,0.4800000000000004,0.6498325729370116,0.05389796409713732,0.4800000000000004,-1.129832572937013,-0.4261020359028631,-0.7037305370341498,1.129832572937013,0.4261020359028631,0.7037305370341498
1A6K,A,HIS,116,6.281545639038086,5.85659443560221,6.49,6.34,-0.05845436096191393,-0.4834055643977901,0.15000000000000036,0.05845436096191393,0.4834055643977901,0.15000000000000036,-0.20845436096191428,-0.6334055643977905,0.4249512034358762,0.20845436096191428,0.6334055643977905,0.4249512034358762
2ZTA,A,HIS,18,6.628909111022949,6.373389736253157,6.24,6.34,0.28890911102294936,0.033389736253156777,-0.09999999999999963,0.28890911102294936,0.033389736253156777,0.09999999999999963,0.388909111022949,0.13338973625315642,0.2555193747697926,0.388909111022949,0.13338973625315642,0.2555193747697926
